<?xml version="1.0" encoding="UTF-8"?>
<beans xmlns="http://www.springframework.org/schema/beans"
    xmlns:mvc="http://www.springframework.org/schema/mvc"
	xmlns:context="http://www.springframework.org/schema/context"
	xmlns:xsi="http://www.w3.org/2001/XMLSchema-instance"
	xsi:schemaLocation="
        http://www.springframework.org/schema/beans
        http://www.springframework.org/schema/beans/spring-beans.xsd
        http://www.springframework.org/schema/mvc
        http://www.springframework.org/schema/mvc/spring-mvc.xsd
        http://www.springframework.org/schema/context
        http://www.springframework.org/schema/context/spring-context.xsd">


<context:component-scan base-package="com.chart.controller,com.chart.dao,com.chart.services"></context:component-scan>




<bean id="placeholder" class="org.springframework.beans.factory.config.PropertyPlaceholderConfigurer">
	<property name="location" value="classpath:/com/chart/resources/db.properties"></property>
</bean>

<bean id="ds" class="org.springframework.jdbc.datasource.DriverManagerDataSource">
	<property name="driverClassName" value="${db.driverClassName}"></property>
	<property name="url" value="${db.url}"></property>
	<property name="username" value="${db.username}"></property>
	<property name="password" value="${db.password}"></property>
</bean> 

<bean id="sessionFactory" class="org.springframework.orm.hibernate4.LocalSessionFactoryBean">
<!-- Connection details -->
	<property name="dataSource" ref="ds"></property>
	<!-- Hibernate specific properties -->
	<property name="hibernateProperties">
		<props>
			<prop key="hibernate.show_sql">true</prop>
			<prop key="hibernate.format_sql">true</prop>
			<prop key="hibernate.hbm2ddl.auto">update</prop>
			<prop key="hibernate.dialect">org.hibernate.dialect.MySQLDialect</prop>
		</props>
	</property>
	<property name="annotatedClasses">
	<list>
		<value>com.chart.bo.User</value>
		<value>com.chart.bo.Message</value>
		<value>com.chart.bo.Comment</value>
		</list>
	</property>
</bean>


<bean id="vr" class="org.springframework.web.servlet.view.InternalResourceViewResolver">
	<property name="prefix" value="/WEB-INF/pages/"></property>
	<property name="suffix" value=".jsp"></property>
	 <property name="viewClass" value="org.springframework.web.servlet.view.JstlView"></property>
</bean>
<mvc:resources mapping="/resources/**" location="/resources/"
	cache-period="31556926"/>

    <mvc:annotation-driven />

</beans>
